[
    {
        "id":1,
        "Slika":{
            "src":"HugoBoss1.jpg",
            "alt":"watch Seiko"
        },
        "Brend":{
            "idBrend":1,
            "ImeBrenda":"Hugo Boss",
            "naziv":"HUGO BOSS 1513709"
        },
        "Cena":84000,
        "pol":{
            "idPol":1,
            "Imepola":"Male"
        },
        "Kuciste":"Steel",
        "narukvica":"Leather",
        "Mehanizam":"Kvarcni",
        "Prečnik":44,
        "Prikaz":"Analog",
        "Funkcije":"Date"
    },
    {
        "id":2,
        "Slika":{
            "src":"HugoBoss2.jpg",
            "alt":"watch Seiko"
        },
        "Brend":{
            "idBrend":1,
            "ImeBrenda":"Hugo Boss",
            "naziv":"HUGO BOSS 1513477"
        },
        "Cena":53000,
        "pol":{
            "idPol":1,
            "Imepola":"Male"
        },
        "Kuciste":"Steel",
        "narukvica":"Steel",
        "Mehanizam":"Kvarcni",
        "Prečnik":47,
        "Prikaz":"Analog",
        "Funkcije":"Date"
    },
    {
        "id":4,
        "Slika":{
            "src":"seiko2.jpg",
            "alt":"watch Seiko"
        },
        "Brend":{
            "idBrend":2,
            "ImeBrenda":"Seiko",
            "naziv":"SEIKO SSC703P1"
        },
        "Cena":57000,
        "pol":{
            "idPol":1,
            "Imepola":"Male"
        },
        "Kuciste":"Steel",
        "narukvica":"Steel",
        "Mehanizam":"solar",
        "Prečnik":44,
        "Prikaz":"Analog",
        "Funkcije":"Date"
    },
    {
        "id":5,
        "Slika":{
            "src":"seiko3.jpg",
            "alt":"watch Seiko"
        },
        "Brend":{
            "idBrend":2,
            "ImeBrenda":"Seiko",
            "naziv":"SEIKO SSA409J1"
        },
        "Cena":57000,
        "pol":{
            "idPol":1,
            "Imepola":"Male"
        },
        "Kuciste":"Steel ",
        "narukvica":"Leather",
        "Mehanizam":"Aautomatik",
        "Prečnik":40,
        "Prikaz":"Analog",
        "Funkcije":"Date"
    },
    {
        "id":6,
        "Slika":{
            "src":"sakagen1.jpg",
            "alt":"sat sakagen"
        },
        "Brend":{
            "idBrend":3,
            "ImeBrenda":"Sakagen",
            "naziv":"SKAGEN SKW6499"
        },
        "Cena":19000,
        "pol":{
            "idPol":2,
            "Imepola":"Female"
        },
        "Kuciste":"Steel ",
        "narukvica":"Leather",
        "Mehanizam":"Kvarcni",
        "Prečnik":42,
        "Prikaz":"Analog",
        "Funkcije":"Date"
    },
    {
        "id":7,
        "Slika":{
            "src":"bulova1.jpg",
            "alt":"sat bulova"
        },
        "Brend":{
            "idBrend":4,
            "ImeBrenda":"Bulova",
            "naziv":"BULOVA 98L246"
        },
        "Cena":69000,
        "pol":{
            "idPol":2,
            "Imepola":"Female"
        },
        "Kuciste":"Steel",
        "narukvica":"Steel",
        "Mehanizam":"Kvarcni",
        "Prečnik":32,
        "Prikaz":"Analog",
        "Funkcije":"None"
    }
  
]